e_nm,D_nm,x_mum
0.27063409170713987,-1.7007453188681403,0.45084
0.3322933201579041,-1.6601722553357976,0.6762600000000001
0.33653068354142257,-1.6096163878456233,0.8265400000000002
0.2611625948305031,-1.5695998315542325,1.05196
0.3043543459393121,-1.5357447375078084,1.2022400000000002
0.4299772339622028,-1.5087804212074942,1.42766
0.3198090561076085,-1.4828357882525431,1.57794
0.27383181039526344,-1.4656953569399265,1.80336
0.254402524019837,-1.46078617065706,1.9536400000000003
0.11788109783718516,-1.4457777441399793,2.17906
0.11350829512493897,-1.4328171338074476,2.32934
0.1912100106441198,-1.4208406091539432,2.55476
0.19447347438064297,-1.402647187967353,2.78018
0.21293584180202918,-1.361124823949745,3.0056000000000003
0.2187355987573476,-1.3243126149313191,3.23102
0.12322651610463554,-1.2853748038499866,3.4564399999999997
0.19494157394909856,-1.2466497535962249,3.68186
0.16684273771609737,-1.2230847544358439,3.9072800000000005
0.19450526476090207,-1.1980745276943758,4.20784
0.16510999015319552,-1.177194591531748,4.433260000000001
0.3020760298601504,-1.1561853856797293,4.733820000000001
0.18188325308616024,-1.1260195976540979,4.95924
0.14716107571856335,-1.0833585251179647,5.184659999999999
0.05643736692992037,-1.0621361355597316,5.334939999999999
0.1642088143259702,-1.0368195803203344,5.560359999999999
0.05435336318423849,-1.0083438923384451,5.78578
0.04617292396801086,-0.9861087146124894,6.086340000000001
0.08081753498499564,-0.9745030800870962,6.3117600000000005
0.0847470350044226,-0.9572824501038035,6.6123199999999995
0.09704508589460112,-0.944058773869357,6.9128799999999995
0.07510392358782406,-0.9217893742855288,7.213439999999999
0.08856123760780815,-0.9023626643427152,7.43886
0.10761548538764798,-0.8849493174333773,7.73942
0.07150460410835939,-0.867293959533189,8.03998
-0.015270828563999804,-0.8494670874349602,8.34054
0.09140819361185112,-0.8398110465061921,8.641100000000002
0.1100899307880197,-0.827677340477697,8.94166
0.16342533526579217,-0.8153457883285813,9.242220000000001
0.14966108819655274,-0.7971085358490354,9.54278
0.1170788569594723,-0.7790878169851462,9.843340000000001
0.015533620151931545,-0.7617589133306611,10.1439
-0.012901431624617465,-0.742904768802829,10.519599999999999
-0.15186719786719502,-0.7201942098342125,10.895299999999999
-0.10015117294113529,-0.6986699912706237,11.19586
-0.06170902135253713,-0.6759302416368181,11.496419999999999
0.019109439076523637,-0.6534341176058105,11.72184
0.07600150574839333,-0.6249612949436183,11.94726
0.13256088700572388,-0.5912023628249226,12.09754
0.09835591594682021,-0.5585860877142653,12.32296
0.04537783987249561,-0.5254249422903463,12.54838
-0.009516978056308868,-0.5008153988715744,12.7738
-0.014422037600362906,-0.4681970476636879,12.999220000000001
-0.003853349472761802,-0.4508861194534249,13.22464
0.0056303159411239725,-0.3944420717093667,13.45006
0.06670748482230493,-0.3261684369471822,13.675479999999999
0.06416777772049327,-0.17118428883962417,13.900899999999998
0.06242498761434655,-0.03088548934833803,14.12632
0.03399733256890519,0.12076229399074154,14.35174
0.04802962956764431,0.23229451857182593,14.57716
0.07235466023110475,0.33897499220124994,14.802579999999999
0.06534984868339025,0.36319913013228444,15.10314
0.00037761159928407584,0.3920752540246157,15.32856
0.022831836837303887,0.4243646203199186,15.629119999999999
0.005373235218208895,0.4635790177123404,15.854539999999998
-0.006281608719576744,0.49500218349883607,16.155099999999997
0.03146097347769671,0.5297435628091809,16.455659999999998
0.017986950970156096,0.5533312221656658,16.75622
-0.03537970512028511,0.5850265464034452,17.05678
0.00946176107199749,0.6134628854780821,17.432479999999998
0.045099088355748274,0.6662147840140564,17.80818
-0.0665477732029016,0.7154310849544954,18.10874
0.04623802562685497,0.7984352979609047,18.48444
0.1623793072701107,0.8685537957477047,18.86014
0.09447861358360521,0.9409483923180996,19.160700000000002
0.10651863032321729,0.9913939779220332,19.386120000000002
0.24917084783826696,1.0455130708590905,19.61154
0.29909083840313383,1.081181878973305,19.836959999999998
0.28541520832745065,1.1203429208383926,19.98724
0.4484594162497461,1.1619249020252185,20.21266
0.43600159612573586,1.1898386273318673,20.362940000000002
0.49524452407298897,1.2292897092972297,20.58836
0.32854589938463696,1.2574505265292124,20.73864
0.2812178581011331,1.2819526420330256,20.964059999999996
0.20207702532717417,1.2978137582186304,21.114339999999995
0.24309722892685728,1.327736383122903,21.33976
0.2542138118022223,1.3483761218500887,21.56518
0.4567600717162008,1.3961863383240674,21.86574
0.6055675142049892,1.4484119377837095,22.1663
0.7335295000329122,1.5123646299716957,22.542
0.6803949331219443,1.615460357515128,22.84256
0.7123241032499604,1.7234012712050342,23.143120000000003
0.6542872526638309,1.9365129627091056,23.44368
0.663801075473052,2.0801310750931754,23.669099999999997
0.7725965400039074,2.27196697559664,23.89452
0.8955861822374528,2.4501958832757906,24.11994
0.8908732833113711,2.6790489763522207,24.34536
1.0303691797503485,2.7804825054147004,24.49564
1.1871577118364256,3.0006443678206742,24.721059999999998
1.248165569836633,3.162177609940496,24.871339999999996
1.452405027625,3.3033316762425002,25.09676
1.5741488600492108,3.4156319803576793,25.322180000000003
1.5370903145689792,3.5417023294706786,25.5476
1.6238546874407,3.6132849688009987,25.77302
1.627386588358896,3.70504753401135,25.998439999999995
1.6190783160028732,3.7883926482375294,26.22386
1.6578964620978385,3.8400090425958595,26.44928
1.90726312877482,3.890553709253655,26.74984
1.9330892169169454,4.062743273451427,27.050399999999996
2.1132251390318557,4.215626380432604,27.426099999999998
2.1206549847231737,4.393636713138071,27.8018
2.260660726116239,4.578431775540035,28.1775
2.3030874497372977,4.776744793225925,28.703479999999995
2.436014678609095,4.90462737639618,29.22946
2.43970490809716,5.105453779036443,29.75544
2.686690775897639,5.30324593272803,30.28142
2.9091122322130922,5.566163480296741,30.807399999999998
2.925035251285444,5.858269683894519,31.1831
3.1109383280302083,6.128193037894021,31.558799999999998
3.160941619536275,6.331990207198803,31.934499999999996
3.2146926587247746,6.524564313496694,32.310199999999995
3.3013835655484822,6.658610133628306,32.685900000000004
3.4286686094880037,6.817144995840318,33.0616
3.4880149213252394,6.916107167660296,33.36216
3.5981516527660116,7.081189578621231,33.66272
3.6264812969167246,7.284826084651617,33.96328
3.7107639065682076,7.473143040351342,34.1887
3.9385864440884584,7.5876156580839265,34.414120000000004
3.930721069859001,7.78577987992126,34.71468
3.9997456498372363,7.991818741139978,35.01524
4.218648747138895,8.168362077460552,35.3158
4.125197557897269,8.35193010020835,35.6915
4.042196189199338,8.60051127728857,35.992059999999995
4.12645757833219,8.873446482634318,36.29262
4.426229509167241,9.157042622116174,36.59318
4.347156768690943,9.43144517892579,36.8186
4.5532926297106355,9.833968338448855,37.04402
4.739648322439022,10.090302442702441,37.26944
4.736535079512433,10.339379831619308,37.494859999999996
4.742628269361762,10.518939688348887,37.64514
4.967237917217658,10.869575391192814,37.87056
4.9222866147631805,11.096033511303665,38.02084
5.02565200494438,11.478539275747835,38.24626
5.23769650764948,11.878781003421448,38.39654
5.388081528023475,12.308449885899813,38.62196
5.532474917463482,12.579071570981407,38.772240000000004
5.992624059357938,12.840343308952175,38.99766
6.172536571551878,13.048418548465387,39.147940000000006
6.409799441723634,13.311772480117677,39.373360000000005
6.375004681969533,13.521095973506203,39.52364
6.478520621954796,13.723472265118877,39.74906
6.225601508082677,13.9131827030489,39.89934
6.377099306985482,14.123094595992487,40.12476
6.382843293931759,14.198754767218688,40.27504
6.347510194090432,14.30694123308223,40.500460000000004
5.892355274068356,14.401374464301217,40.650740000000006
6.118393246161538,14.612181808301079,40.87616
5.806623563749614,14.846903735175333,41.02644
5.64694458737416,15.129027654858222,41.25186
5.5927856011069,15.382004383048065,41.47728
6.175600052783571,15.648783954606131,41.77784
6.265410069316535,15.889947340387781,42.00326
6.885943489384839,16.192688599129042,42.303819999999995
7.1710210752478565,16.355921875286846,42.529239999999994
7.8482056848899875,16.727543110994613,42.75466
7.938024237898098,16.978499155407636,42.90494
8.052095572237302,17.30979780787592,43.13036
8.090585875321002,17.63869614722394,43.280640000000005
8.392708384693353,18.07707078916372,43.50606
8.59775991100829,18.421526476532875,43.65633999999999
8.81333727355702,18.904329944740965,43.88176
9.07669182930979,19.285445026793585,44.03204
9.26475152653109,19.568513687183266,44.25746
9.395306002473367,19.992636837872908,44.407740000000004
9.438561651140331,20.399036980019318,44.63316
9.818268776009274,20.830088852632027,44.78343999999999
10.142484279126483,21.363263519951225,45.00886
10.423323067789825,21.936942161700753,45.15914
10.858730647282355,22.441091643337177,45.38456
11.258472557397353,22.81571360063828,45.53484
11.544176941223625,23.34140783054768,45.760259999999995
11.649051449796717,23.715415753174824,45.91054
11.901553908313849,24.154863638850088,46.13596
11.902796545311599,24.512194971032027,46.28624
12.071323317192137,25.068861947214767,46.51166
12.28096455921441,25.442770479075612,46.66194
12.671290108035667,25.810890507089333,46.88736
12.766884475076708,26.043679351434033,47.03764
13.05206676596475,26.263222581270316,47.26306
13.169106571109726,26.41056834884564,47.41334
12.92818542264231,26.542160536527618,47.63876
12.896438897109148,26.730062548486135,47.78904
13.065396586656579,26.946558935475345,48.01446
13.10390067661655,27.13924541810977,48.16474
12.843231242250166,27.28302113166486,48.39016
13.159289972911077,27.565210623296476,48.54044
13.027889179540965,27.79961530559477,48.765859999999996
12.940542503936491,28.06733344661462,48.91614
12.902296109207946,28.36042534608117,49.141560000000005
13.030288996221707,28.740151463249333,49.29184000000001
12.912328190739872,28.998397755963715,49.51726
12.860924866213676,29.27600461505624,49.66754
12.8046146188152,29.58263142781893,49.89296
12.616402911573664,29.898493496046655,50.04324
12.376124907333052,30.30253257969358,50.268660000000004
12.276503069548873,30.551407360187973,50.418940000000006
12.078127304155096,30.930410518426623,50.64436
11.945992275566908,31.188446643012462,50.79464
12.020314359651351,31.48532965069984,51.02006
11.84641622973926,31.711082042424238,51.170339999999996
11.496969554387062,32.06940618322713,51.39576
11.424914562590802,32.390973476171915,51.546040000000005
10.973173612900748,32.74487069290536,51.77146
10.41460222561972,33.173842085967046,51.92174
10.035221098797404,33.492309855034236,52.14716
9.562820556336675,33.864374321550464,52.297439999999995
9.077319692914005,34.19430506409396,52.52286
8.613171033970941,34.591072910784995,52.673140000000004
7.97957891665528,34.973762131676466,52.898559999999996
7.819074888822148,35.20959559561296,53.04884
7.386328624855097,35.64515738262462,53.27426
7.0028449950951694,35.95495330421816,53.42453999999999
6.689634745549433,36.349114118827494,53.64995999999999
6.458008500943824,36.65351268918832,53.80024
5.916299619342643,37.181582327365334,54.02566
5.663727058848008,37.545194729390715,54.17594
5.284523046074075,38.0721101803763,54.40136
4.992575264058338,38.462185272909835,54.55163999999999
4.680354148626287,38.924295432181395,54.77705999999999
4.577107192540149,39.38248781441547,54.92734
4.14908001207148,39.808391189618526,55.15276
3.8933790225747504,40.24889404058572,55.303039999999996
3.3604681845994033,40.74719736124452,55.528459999999995
3.380402074984651,41.155054215513196,55.67874
2.6057902286096253,41.688420403395725,55.90416
2.8110867528622623,42.08646539253846,56.05444
2.7636764447624897,42.501638257504254,56.27986
2.558875854489834,42.895966765138745,56.430139999999994
2.370090529513616,43.40972214461829,56.655559999999994
2.2014879873101556,43.69852033091326,56.805839999999996
1.858085537191737,44.21484643801511,57.031259999999996
1.263689015372259,44.60982744677985,57.18154
1.5089922529205664,45.06506666248831,57.40696
0.8786853322464673,45.43213061426804,57.55723999999999
1.2262046202734922,45.8352640265648,57.78266
0.8707414176751175,46.1835623807994,57.93294000000001
1.1834155455989945,46.67926263078487,58.15836
1.2585988961545185,46.88100494930711,58.308640000000004
1.35799016858942,47.274128455013106,58.53406
1.416931086251268,47.61243926582391,58.68433999999999
1.543594145246715,47.96450903508782,58.90976
1.5530770985093025,48.236353695282006,59.06004000000001
1.3492835309635112,48.70641616337139,59.28546
1.3864857900161958,49.051822220586075,59.43574
1.327371334490406,49.55346065233826,59.66116
1.4412391153399766,49.96313436080762,59.81144
1.3956407035419038,50.36254899495396,60.03686
1.491946753012637,50.76692579240913,60.18714000000001
1.5941576375629463,51.24402443169587,60.41256
1.4978669332050147,51.59203443744369,60.56284
1.399849729172877,52.034329232911325,60.78826
1.3638325338370396,52.50970402090015,60.938539999999996
1.401812701236133,53.14944107693693,61.163959999999996
1.44490071122232,53.43458538834881,61.314240000000005
1.4065051415118774,53.87900557829979,61.53966
1.4537578688986326,54.34496823274718,61.68994
1.488363769060344,54.707207158608114,61.91536
1.2011667227631975,55.03919661842365,62.065639999999995
1.2270643589513526,55.58852465130184,62.291059999999995
1.1453313297356242,56.06241505642736,62.441340000000004
1.1007436441184058,56.45556046605817,62.666760000000004
1.1667699041577893,56.917577882424304,62.81704
1.0369663308649961,57.32140895545611,63.04246
1.1037463942308532,57.81297810096147,63.19273999999999
1.0692099250877167,58.26147946442457,63.41815999999999
1.1604726618263106,58.726393510829375,63.56844
1.0242065207715778,59.335182392136446,63.79386
1.1365155660473631,59.67559661319927,63.94414
1.065183829896398,60.1659419062891,64.16956
1.1130488878501132,60.599177956448905,64.31984
1.1530373102962999,61.05798791314518,64.54525999999998
1.0867895551053217,61.40036098260942,64.69554
1.2708447885083327,62.05627348188283,64.92096
1.19118303615282,62.44818258890857,65.07124
1.1849715318254483,63.02612448263012,65.29666
1.07829707100245,63.51146451893789,65.44694
1.249690013325381,63.96626658854017,65.67236
1.2592767789013148,64.34102197014487,65.82263999999999
1.0987226196516897,64.92849854709955,66.04806
1.074018179541349,65.37494436559444,66.19834
1.1771623187313165,65.92384040589107,66.42376
1.1405223966072449,66.30935073891777,66.57404
0.9971435624685452,66.88285653627705,66.79946
1.20401741471822,67.26314502334233,66.94973999999999
1.290227657348622,67.77200421468018,67.17516
1.139936290486963,68.21445479018122,67.32544
0.8617605567791295,68.93268592116995,67.55086
0.7541485616028809,69.45263223702153,67.70114
0.812900543626087,69.98850553248157,67.92656
0.7053319026973834,70.50901456368025,68.07683999999999
0.6288348168482083,71.08960205751055,68.30226
0.7971734551840864,71.4790308285417,68.45254
0.9846769193683858,71.85517784934319,68.67796
0.9790730361169699,72.40479718893941,68.82824
1.2246618648309981,72.88539079624535,69.05366
1.1239540188834276,73.22379954376025,69.20393999999999
1.2706836445518428,73.78601206568543,69.42936
1.018627111083478,74.34318068446822,69.57964
0.7454619003138214,74.82090276573012,69.80506000000001
0.650898088821478,75.29242764361354,69.95534
0.7941336000802452,75.91704510393099,70.18076
0.7313376667925489,76.3168496065584,70.33104
0.6956758318283901,76.89491878462759,70.55646
0.7875851306298265,77.41007678765835,70.70674
0.6678074367779885,77.85148560437094,70.93216000000001
0.6166232965709374,78.286503964949,71.08244
0.36672858823196247,78.97981341412053,71.30786
0.6446800060044897,79.31437519483615,71.45814
0.7616174620659882,79.84220898262326,71.68356
0.673024857583604,80.4503986224781,71.83384
0.8468681702619922,80.9510933735747,72.05926000000001
0.828154790618382,81.4011868800682,72.20954
0.8000313753128868,82.04537301723093,72.43496
0.7090727278161313,82.46559745407814,72.58524
0.8089705619756077,82.93768531670096,72.81066
0.5824241584293216,83.52391522375078,72.96094
0.701044066885561,83.9825021024784,73.18636000000001
0.5891722405771188,84.54991187310368,73.33664
0.49366983830100514,85.11744393906113,73.56206
0.479624114342291,85.70812326166562,73.71234
0.5833263410751699,86.36313934667537,73.93776
0.44444547398587875,86.78537689237216,74.08804
0.46979382773305,87.44677730814958,74.31346
0.347274741500919,87.9569437223092,74.46374
0.18545672747360245,88.47390721437272,74.68916
0.20991083480570563,88.9058766820671,74.83944
0.18816265889059117,89.5453801133541,75.06486
0.2130454358930675,89.99138092513196,75.21514
0.20972611208621214,90.70503554360586,75.44056
0.29593291279037237,91.32709769500028,75.59084
0.04182047188611276,91.94103439417795,75.81626
0.21475660259683857,92.64330932176672,75.96654
0.0008927989467178768,93.21883219290582,76.19196
0.19663850304042477,93.68649088738525,76.34224
0.021643059392395955,94.24158696892253,76.56766
0.08599677146815911,94.75944277653738,76.71794
-0.22494897938307296,95.34525612226945,76.94336
-0.0010962499300729634,95.84354277493986,77.09364
-0.06561710755532685,96.46823071249757,77.31906
0.159768696607276,96.95759892091773,77.46934
0.11290615890454328,97.63250070334209,77.69476
0.4315568429473237,98.1510611150653,77.84504000000001
0.4378488326114064,98.8274500039542,78.07046
0.6031784016522699,99.43006657457906,78.22074
0.3257689246785403,100.03423872477646,78.44615999999999
0.2771059813082869,100.47888885607489,78.59644
0.06659749204188375,101.21292615684398,78.82186
-0.04780361250715184,101.79691110675614,78.97214000000001
-0.0900759441372017,102.35766531195799,79.19756
0.05073637161779348,102.8875667204087,79.34784
0.04642995581786363,103.62827023799663,79.57325999999999
0.3857927715671126,103.93621821645227,79.72354
0.5109782984121984,104.5115586633655,79.94896
0.34248588484207554,105.0206621390358,80.09924000000001
0.6387741466308432,105.54165423389748,80.32466000000001
0.6605155237320963,106.11695664959039,80.47494
0.44343079043146505,106.87704952022894,80.70035999999999
0.22111759683920149,107.38603886671828,80.85063999999998
0.5012503228990522,108.07772472230681,81.07606
0.23050930456450194,108.81436199807452,81.22634000000001
0.4598427159608658,109.42633526427365,81.45176000000001
0.43529696555938213,109.98964460961892,81.60204
0.46052451869391203,110.77394891392323,81.82745999999999
0.3878594928924594,111.17544083611249,81.97773999999998
0.6261552151301604,111.89530651498805,82.20316
0.7594712964779718,112.26745468502895,82.35344
0.6272888221856656,112.89173161292034,82.57886
0.60051763239122,113.43495483614355,82.72914
0.5809414357932425,114.21599036521782,82.95455999999999
0.5869626193069427,114.73381214739602,83.10483999999998
0.2701995421510189,115.59262839375012,83.33026
0.7582367163051839,116.18031642397756,83.48054
0.8673766139296248,116.76945611202052,83.70596
1.0107287907545432,117.4247732399511,83.85624
0.7961187844259613,117.97573784539368,84.08165999999999
0.8226204419766937,118.60134641990005,84.23193999999998
0.6108748319708417,119.51504764450509,84.45736
0.6965707595840015,119.99194914675778,84.60764
0.5940867690211434,120.84448537864183,84.83306
0.4535847896112522,121.52291708093432,84.98334
0.8546433504103921,122.16240671864705,85.20875999999998
0.6846784884195463,122.49737649995919,85.35903999999998
0.4294689298348733,123.38965672034202,85.58445999999999
0.49233254177746305,123.87759401407139,85.73474
0.5189058198911535,124.66994099489362,85.96016
0.41095812919875524,125.32477600888907,86.11044
0.321858038228169,126.17020208712377,86.33586
0.617310390759305,126.78071306394699,86.48613999999999
0.6540778141719902,127.3752930798121,86.71155999999999
0.923835488454526,128.0783014799291,86.86184
0.871743002612742,128.91750101775304,87.08726
0.8390760253102358,129.5553946182332,87.23754
1.1213161146900739,130.33026814136656,87.46296
1.068594599083415,130.99780864478828,87.61323999999999
0.7961827793005761,131.43608280980152,87.83865999999999
0.644740043654576,131.75612356245708,87.98894
1.1089916425558717,132.35226718740196,88.21436
0.618444123786415,132.9083380535437,88.36464
0.781198839623323,133.49836899792396,88.59006
0.84252754354279,134.31102631255322,88.74033999999999
1.3203322058789504,135.1033143029441,88.96575999999999
1.2958974104568264,135.67952822700715,89.11604
1.135757174392785,136.30064883002223,89.34146
0.8255570976756634,136.93702089599896,89.49174
1.2470819260693333,137.6385095435804,89.71715999999999
1.1256762667327034,138.0035184106099,89.86743999999999
1.3640460051265848,138.79952043559115,90.09285999999999
1.3933811604023567,139.37849220205396,90.24314
1.2651573116114736,140.20836471201414,90.46856000000001
0.9430973444480628,140.8361362837747,90.61884
0.9236581675450299,141.7474539759113,90.84425999999999
0.70271877683708,142.45046185192012,90.99453999999999
0.8335238576253494,143.2701694824422,91.21995999999999
1.3071067207967642,143.9636882201148,91.37024
1.2416116107455548,144.66441401475885,91.59566000000001
0.843032697242475,145.61219188037148,91.74594
1.1256852958508992,146.29391064556825,91.97135999999999
1.469263467621565,146.89883341784548,92.19677999999999
1.4481094940022488,147.73722583515806,92.49734
1.3445107173303528,148.46372078309588,92.79789999999998
1.379455772275404,149.00386803584317,93.1736
1.2183361076027166,149.70403094746166,93.5493
1.1937728481329668,150.63995535060565,93.925
0.6702478128009364,151.2813868809912,94.3007
1.0981430137485377,152.15179700817626,94.6764
1.3538273423398473,153.34170848558773,95.05210000000001
1.4432755467287306,154.4389830298133,95.4278
1.4939060408289202,155.74484080488716,95.8035
1.9385297021511045,157.29686445615008,96.17920000000001
2.2553067030110574,158.7380362354105,96.5549
2.682750441778822,159.99763462007022,96.9306
2.784280348137592,161.44791890060168,97.30630000000001
3.2183777383563044,162.57359514501357,97.682
3.5787982338599895,163.67103351888042,98.0577
