nm,um
15.297939720609262,44.03204
16.67124701464142,44.25746
17.205661380474034,44.407740000000004
16.94676729001186,44.63316
17.574382461166646,44.78343999999999
18.136599056225954,45.00886
18.636192770117464,45.15914
19.804512954754376,45.38456
20.14153028047241,45.53484
20.70998095026896,45.760259999999995
21.06260790159962,45.91054
21.45426043048523,46.13596
21.289686254195864,46.28624
21.708719896993912,46.51166
22.467474912218528,46.66194
22.98956474889696,46.88736
22.933232753383134,47.03764
23.414974033967543,47.26306
24.034144684194292,47.41334
24.069189980954263,47.63876
3.2611076770917955,44.03204
2.3014800996551523,44.25746
2.1253433438311666,44.407740000000004
2.807436940853839,44.63316
2.616138461738364,44.78343999999999
2.4929037332118553,45.00886
2.298068403162652,45.15914
1.586928518949261,45.38456
1.6005751180255874,45.53484
1.4260317471672264,45.760259999999995
1.431501128172246,45.91054
1.520827725545577,46.13596
2.045975132152763,46.28624
2.0775699478527354,46.51166
1.6645833805276753,46.66194
1.4849651887650748,46.88736
1.9155737885036908,47.03764
1.8539924548561608,47.26306
1.5752985568847906,47.41334
1.9820483973364158,47.63876
5.876270675106312,38.772240000000004
