D_nm,n
-1.5499343323831312,0.8334000000000001
-1.4739315695740265,0.8752000000000001
-1.4504157990898552,0.8498
-1.4276598791829958,0.9550000000000001
-1.4027128776628215,0.9752000000000001
-1.391011410230538,0.9790000000000001
-1.3823458927414911,0.9442
-1.3749389596813817,0.9858
-1.3626206417568743,0.8642000000000001
-1.348244618716864,0.7694000000000001
-1.3334934820813051,0.8004
-1.3171757435487212,0.794
-1.2906873915211112,0.7508
-1.267605807753322,0.818
-1.2425756808918471,0.9314
-1.2166125318131202,0.9352
-1.1901964059666192,0.9116
-1.171004338972787,0.9934
-1.1530685796430626,1.0436
-1.1414434706890952,1.0280000000000002
-1.1136147245117252,0.9342
-1.0874547716391936,0.8920000000000001
-1.0557161582735903,0.7812000000000001
-1.0050275269907152,0.6556000000000001
-0.9564277325915378,0.6564
-0.9180535802181831,0.7774
-0.8777217283356714,0.9436
-0.8396919756977196,0.9334
-0.8190095715265169,0.9448
-0.7889967791561453,0.9047999999999999
-0.7498888373444832,0.8882000000000001
-0.7127118920995265,0.8106
-0.681237671046056,0.8758
-0.6515397953576217,0.9568000000000001
-0.6093373615280326,0.9828
-0.5822093229399126,0.993
-0.5440435158720998,1.0024
-0.49265234246772116,0.9796000000000001
-0.41112096666852627,0.9394
-0.3174640265865256,1.0394
-0.22218840287947744,1.0792
-0.0973872856814479,0.9992
0.014556640030352765,1.0052
0.11262091027026293,1.1308
0.18343768210813663,1.0482
0.2510731920864168,1.0486
0.27746198847436343,1.1884000000000001
0.30242367052736646,1.181
0.31201692931848624,1.1354
0.3226433604601283,1.2196
0.3353423417000586,1.1844000000000001
0.3528288596946329,1.1046
0.37224506214367453,1.115
0.4029295098357949,1.0634
0.4314410962885578,0.9998000000000001
0.45895426189768584,0.9058000000000002
0.4852431920804914,0.9628000000000001
0.5140775540200971,1.0676
0.5335677510846649,1.1708
0.5571759057322256,1.1936
0.5897819144155003,1.1922
0.6184507455843314,1.0658
0.6548017122826252,1.0836
0.69613272088217,1.0338
0.7319995834067479,1.0404
0.7685736832798168,1.1982
0.8061199137207842,1.3594
0.8588395789927508,1.3088
0.9039840222948994,1.2752000000000001
0.9491862433328111,1.1944000000000001
0.9844193750455714,1.1202
1.020076590051692,1.0828000000000002
1.0386961727162183,1.0958
1.0645780453672997,1.1174
1.0867825743836999,1.1410000000000002
1.1311236540304515,1.209
1.1883076624579023,1.2362
1.2356379005819065,1.266
1.3052940879537744,1.2908
1.39145539704544,1.368
1.6327799432857166,1.3639999999999999
1.872257354276043,1.3519999999999999
2.140554108829978,1.365
2.3808325717295844,1.3388
2.621010783926874,1.3268
2.6886130015290917,1.3124
2.778112298513938,1.3302
2.875947634434271,1.3312
2.9855888579905887,1.3956000000000002
3.223307006955309,1.4040000000000001
3.4631001408464384,1.407
3.738460749638929,1.4136000000000002
3.991751552862769,1.405
4.292344405234179,1.4068
4.506130132168056,1.4058000000000002
4.7341769086402,1.4146
4.911029319206053,1.4292
5.078530167937805,1.4232
5.259862239436154,1.4084
5.420647971462839,1.412
5.594641947299648,1.4320000000000002
5.812391413656064,1.4132
6.034192235387021,1.4112
6.208659291118561,1.4142000000000001
6.374913651982116,1.4388
6.527488199912094,1.4208
6.618626033221941,1.4344
6.703491567081794,1.4536000000000002
6.833260515266244,1.4448
6.99255689702586,1.4442
7.176711072614725,1.4442000000000002
7.458262373662935,1.4302000000000001
7.747693648269371,1.4262000000000001
7.995893966719434,1.4352000000000003
8.189916475686397,1.4166
8.41376077392218,1.423
8.552646867901531,1.4214
8.717409580065294,1.4094000000000002
8.894031560096433,1.4018000000000002
9.10497169059175,1.408
9.349296939147795,1.3923999999999999
9.599450376200796,1.39
9.926430236098454,1.385
10.210401299564273,1.3892
10.568850782570717,1.3778000000000001
10.82735483161691,1.3874
11.163038649096816,1.3886
11.421477425992641,1.3972
11.706000702707078,1.3862
11.922715594529883,1.3912
12.178217822967184,1.3943999999999999
12.489345825399534,1.4044
12.763487912925056,1.3968
13.05382509910825,1.4212
13.301216813323085,1.4332
13.524176423964382,1.431
13.60372406382452,1.4266
13.733344885821161,1.4254
13.836874882049209,1.405
13.984239315473712,1.3848000000000003
14.165319294354054,1.3916
14.3462863398086,1.385
14.4788453404683,1.3846
14.66185863884628,1.3810000000000002
14.832756861327864,1.3932
15.070529987092097,1.3616
15.351247006119582,1.3618
15.639418625265831,1.3499999999999999
15.944263492030828,1.3576000000000001
16.263691380837205,1.3392000000000002
16.499662253222372,1.363
16.795477209116516,1.3662
17.145125341377376,1.3766
17.47463160985428,1.3798
17.877022614183417,1.399
18.32699567567341,1.4068
18.670116564650886,1.4052
18.95452820164611,1.4168
19.33524169714986,1.415
19.69938025082286,1.4142000000000001
20.046413604158243,1.4064
20.454710366836526,1.4120000000000001
20.91041661760982,1.4156000000000002
21.278087333440247,1.4194
21.637337100868155,1.4210000000000003
22.038804520993605,1.4248
22.58041631379571,1.4278000000000002
23.148654293189097,1.4212
23.74367146506148,1.4198
24.262306283581843,1.4142
24.73640397726344,1.4187999999999998
25.01647960762665,1.4196
25.266311017984375,1.4192
25.444151130186338,1.4191999999999998
25.649833781836605,1.4284
25.865835971346506,1.4225999999999999
26.090175197325273,1.4218
26.34528347792022,1.4184
26.58806403974166,1.4166
26.87575155271918,1.4138
27.131787509888323,1.4094
27.419978590428677,1.4026
27.656405268666763,1.4050000000000002
27.89114328928507,1.3992000000000002
28.148195529590474,1.3948
28.45203121880962,1.3881999999999999
28.709167095164236,1.3852000000000002
28.96588921694123,1.3808
29.287750154395614,1.3796
29.57220531873983,1.3681999999999999
29.81039056862372,1.3678000000000001
30.122119932239872,1.3586
30.434990387147632,1.3538000000000001
30.785355373143574,1.3404
31.065016447932123,1.338
31.424311878596125,1.3232
31.711579421368256,1.3184
32.07091441681067,1.3050000000000002
32.37015222542818,1.2962
32.7506298282696,1.2824
33.03087249059354,1.2758
33.45475687644907,1.2614000000000003
33.77876014572073,1.247
34.1803971813375,1.2308000000000001
34.52875648125926,1.2162000000000002
34.961784438619894,1.1952
35.290466183938065,1.1834
35.685385043957,1.1692
36.05425835217014,1.1618
36.46362230793927,1.1516
36.833542906592044,1.1458000000000002
37.163048193569345,1.1326
37.63020006985508,1.1260000000000001
38.02612303566659,1.1148000000000002
38.442189341362855,1.1048000000000002
38.8863022717124,1.1014000000000002
39.462341740066016,1.0916000000000001
39.864434627778124,1.086
40.390947911069226,1.0756000000000001
40.91608880269001,1.0738
41.40928104628144,1.0596
41.848215818047414,1.0594000000000001
42.28718987963755,1.0572000000000001
42.592750398477264,1.0530000000000002
42.973646603898686,1.0496
43.33470717067387,1.0458
43.69270941303665,1.0446000000000002
44.058013720790875,1.0318
44.456321810152325,1.0392000000000001
44.75341480416732,1.0290000000000001
45.041624162245405,1.0392000000000001
45.38274119437766,1.0372000000000001
45.759430840382095,1.036
46.20361050755049,1.0248000000000002
46.64070356133401,1.0268
47.06132015046616,1.0228
47.473374738346514,1.0168000000000001
47.868399963844254,1.024
48.2183221674978,1.0302
48.59840011355026,1.0274
49.07203313520923,1.0244
49.452987688505125,1.0270000000000001
49.90683476144066,1.0246
50.279911597675394,1.0226
50.721191389135164,1.026
51.16070757288062,1.0244
51.637349097959444,1.0233999999999999
52.08208386878542,1.0254
52.598263206017386,1.0253999999999999
53.0440560075738,1.0262
53.40765569529866,1.0278
53.8711011646317,1.0268000000000002
54.253502552934314,1.0258
54.705642315770504,1.0248000000000002
55.080934144564274,1.0248000000000002
55.59822775130686,1.0216
55.97830333497324,1.0222
56.522334700198996,1.02
56.992219509639,1.0166
57.49121231291713,1.0144
57.952202774768914,1.0156
58.42521819959629,1.0112
58.90314707477737,1.0090000000000001
59.37481534241827,1.0106
59.830167673033564,1.0108000000000001
60.171699029570085,1.0112
60.65308788110819,1.0124
60.988523020681264,1.0138
61.41673147405416,1.015
61.84443594626375,1.0144
62.3643165158371,1.013
62.748298392169715,1.0136
63.28810697213171,1.0138
63.681926206213795,1.0132
64.24280824194994,1.0130000000000001
64.72593908870141,1.014
65.35160865781747,1.0142
65.80929360381977,1.0133999999999999
66.4619044412582,1.0134
66.95382535625603,1.0104
67.49114760038263,1.0108
67.94161567567345,1.0118
68.4476848007627,1.012
68.93578020143578,1.0110000000000001
69.44779620149959,1.012
69.90883060719727,1.0102
70.4341855089614,1.008
70.97990994055701,1.0070000000000001
71.37800461083351,1.0076
71.82137568100826,1.0088000000000001
72.29404365997233,1.0090000000000001
72.76772763268474,1.0114
73.24670953618059,1.0104
73.73483432808699,1.0106
74.2913645482732,1.0096
74.83404701739741,1.0097999999999998
75.31236642490816,1.0102
75.70216175645564,1.0114
76.23970467051036,1.0106
76.6878442873866,1.0128000000000001
77.23340398756882,1.0130000000000001
77.72526900216123,1.0102
78.36788545409382,1.0102
78.89415674122255,1.0082
79.43129999851301,1.0073999999999999
79.89919362882395,1.0052
80.40482475132946,1.0062
80.88767117333244,1.0054
81.45395339776142,1.0068
81.96235883877556,1.0042
82.56609054038229,1.005
83.10956723277202,1.0058
83.57590683565138,1.0062
84.09030604121246,1.0062
84.6696802464316,1.0076
85.24059090190175,1.0074
85.8417273641551,1.0053999999999998
86.4671290548081,1.0050000000000001
86.95542187029086,1.0024
87.42652506171063,1.0017999999999998
87.82839170059994,1.0014
88.26288667105507,1.003
88.69225893325006,1.0028000000000001
89.27586284070674,1.0054
89.79343181211418,1.0050000000000001
90.44093284777459,1.0056
91.14295400169722,1.0028000000000001
91.83100181046215,1.0028000000000001
92.39094081729598,1.0042
93.01333397968914,1.002
93.5342855339451,0.9995999999999999
94.04546052188094,1.0018
94.61888920713992,1.0010000000000001
95.1753974946927,0.9994000000000001
95.71554825603751,1.0024000000000002
96.30664170716878,1.0062
96.82182484635217,1.0051999999999999
97.28166092167426,1.0070000000000001
97.8708871260098,1.0056
98.496757772776,1.0056
99.05702112183015,1.0044
99.62148048512937,1.0054
100.34176585269303,1.0032
100.92660472945614,1.004
101.52126317376155,1.0034
102.03594298931013,1.004
102.64580950349283,1.0044000000000002
103.17835439226535,1.0038
103.9081671344155,1.0050000000000001
104.54017535677676,1.0056
105.16070710225898,1.0038
105.69463085937403,1.0022
106.25572960708081,1.0048000000000001
106.67861552570508,1.0028000000000001
107.35892643377689,1.0024
108.07266547251592,1.0038
108.74040095311572,1.0026
109.47339796000942,1.0004
110.13734309917844,1.0016
110.72150783270064,1.003
111.37709815543599,1.0000000000000002
112.05650928442086,1.0028000000000001
112.54043233872433,1.0026
113.09224360878352,1.0038
113.62025803195623,1.0006000000000002
114.11374021790878,1.0048
114.76144269103679,1.0024
115.61661045628617,1.0028000000000001
116.3433431101031,1.002
117.10886299558516,1.0042
117.85023884392879,1.0010000000000001
118.38748074715326,1.0044
118.83182784134164,1.0048
119.45654205689716,1.0052
119.92961871564547,1.004
120.4943005743729,1.0048
121.11825394012368,1.004
121.78777014565728,1.0064
122.40597767786738,1.0046000000000002
123.2021484265704,1.0062
123.98992112590592,1.0052
124.79846639668672,1.0050000000000001
125.46995019115313,1.0026
126.14104752053,1.0048
126.7683001952504,1.0032
127.25738642627549,1.0062
127.91066293767291,1.0044
128.56816986836597,1.0064
129.2977200637416,1.0062000000000002
129.90945830800996,1.0056
130.67468745125436,1.0050000000000001
131.37141034282064,1.0042
132.0892930844215,1.0036
132.71904555966904,1.0016
133.33523494629566,1.0046
133.95069004460507,1.0026000000000002
134.54097013218478,1.0048
135.19652478368155,1.006
135.75611230883246,1.0048000000000001
136.4145195335031,1.0054
136.97227729126084,1.0054
137.70532970281715,1.0062
138.34172279126312,1.0030000000000001
139.06428941630983,1.0066
139.7633241303138,1.0038
140.49622600452003,1.0064
141.0267015519415,1.0046000000000002
141.64618346909336,1.008
142.23659661700142,1.0062
143.01800220582376,1.0066
143.72172986055475,1.0070000000000001
144.51746598474554,1.0088
145.36418266338106,1.0054
146.1527555429654,1.0074
146.9024437417182,1.0066000000000002
147.725740210207,1.0054
148.42114747356678,1.0034
149.00066353654861,1.0068000000000001
149.68017770451294,1.0044
150.25008233591012,1.0072
150.88204103755444,1.006
151.7547778340251,1.0072
152.617696966175,1.0072
153.70176702996946,1.0102
155.04081019515556,1.0098
156.23828452243055,1.0138
157.49538521130918,1.0156
158.95421499337505,1.0158
160.18887414557008,1.017
161.42299319133292,1.0182
